{"cameraMode":{"drawMode":0,"name":"Shaded","section":"Shading Mode"},"sceneLighting":true,"audioPlay":false,"sceneViewState":{"m_AlwaysRefresh":false,"showFog":true,"showSkybox":true,"showFlares":true,"showImageEffects":true,"showParticleSystems":true,"showVisualEffectGraphs":true,"m_FxEnabled":true},"in2DMode":false,"pivot":{"x":-8.800215721130371,"y":-3.003330707550049,"z":1.4763935804367066},"rotation":{"x":-0.02580597810447216,"y":0.012592730112373829,"z":-0.00031274554203264415,"w":-0.9995900392532349},"size":5.172182083129883,"orthographic":false}